,Id_Se,Nombre_Se,Descrip_Se,Telefono_Se,Estado_Se,Id_Pro,Id_Par,Id_Can,Id_IE
0,19043022-74f5-11ed-b0b8-0242ac1c000c,QUITO,Dolorum non ipsam aliquid repellat dolorem totam. Exercitationem fuga odio explicabo laboriosam explicabo quam illo. Eaque veniam similique id perferendis natus enim.,956618841,Inactivo,5d69eeee-74f7-11ed-8d69-0242ac1c000c,359d039c-74f7-11ed-a487-0242ac1c000c,8c050784-74f7-11ed-884d-0242ac1c000c,4a0f0c38-74f4-11ed-be5f-0242ac1c000c
1,19043392-74f5-11ed-b0b8-0242ac1c000c,MATRIZ - CUENCA,Minima voluptate id perspiciatis ipsum voluptas. Delectus voluptates nulla. Corrupti consequatur veritatis ut rerum inventore autem. Veritatis praesentium distinctio error.,946477109,Activo,5d69f132-74f7-11ed-8d69-0242ac1c000c,359d070c-74f7-11ed-a487-0242ac1c000c,8c050932-74f7-11ed-884d-0242ac1c000c,4a0f0c38-74f4-11ed-be5f-0242ac1c000c
2,190434f0-74f5-11ed-b0b8-0242ac1c000c,SEDE - CUENCA,Porro alias expedita atque.,911063287,Activo,5d69f1f0-74f7-11ed-8d69-0242ac1c000c,359d07e8-74f7-11ed-a487-0242ac1c000c,8c0509b4-74f7-11ed-884d-0242ac1c000c,4a0f0c38-74f4-11ed-be5f-0242ac1c000c
3,19043612-74f5-11ed-b0b8-0242ac1c000c,MATRIZ - QUITO,Optio aperiam asperiores maiores quibusdam aliquam natus. Laudantium vel sapiente aperiam. Magnam hic explicabo.,924642083,Inactivo,5d69f29a-74f7-11ed-8d69-0242ac1c000c,359d089c-74f7-11ed-a487-0242ac1c000c,8c050a2c-74f7-11ed-884d-0242ac1c000c,4a0f0c38-74f4-11ed-be5f-0242ac1c000c
4,19043716-74f5-11ed-b0b8-0242ac1c000c,MATRIZ - JOSE RUBEN ORELLANA,Quos repellat a et fugiat. Pariatur ipsam assumenda dolorum explicabo. Nostrum illum hic vel hic culpa.,936041253,Inactivo,5d69f330-74f7-11ed-8d69-0242ac1c000c,359d093c-74f7-11ed-a487-0242ac1c000c,8c050a90-74f7-11ed-884d-0242ac1c000c,4a0f0c38-74f4-11ed-be5f-0242ac1c000c
48,19043810-74f5-11ed-b0b8-0242ac1c000c,MATRIZ - CALCETA,Quos est dicta voluptates iusto. Reiciendis ipsam ipsum tenetur dignissimos totam atque. Maiores autem autem molestias fugit maxime.,907334023,Inactivo,5d69f3c6-74f7-11ed-8d69-0242ac1c000c,359d09dc-74f7-11ed-a487-0242ac1c000c,8c050afe-74f7-11ed-884d-0242ac1c000c,4a0f0c38-74f4-11ed-be5f-0242ac1c000c
56,190439be-74f5-11ed-b0b8-0242ac1c000c,MATRIZ - RIOBAMBA,Porro a magnam non. Sunt cum voluptatibus illum sed consequatur. Animi praesentium alias explicabo dolor veniam vel.,939372325,Inactivo,5d69f452-74f7-11ed-8d69-0242ac1c000c,359d0a72-74f7-11ed-a487-0242ac1c000c,8c050b62-74f7-11ed-884d-0242ac1c000c,4a0f0c38-74f4-11ed-be5f-0242ac1c000c
59,19043afe-74f5-11ed-b0b8-0242ac1c000c,ORELLANA,Praesentium voluptatum exercitationem alias. Quas corrupti possimus adipisci.,919731235,Activo,5d69f4f2-74f7-11ed-8d69-0242ac1c000c,359d0b1c-74f7-11ed-a487-0242ac1c000c,8c050bc6-74f7-11ed-884d-0242ac1c000c,4a0f0c38-74f4-11ed-be5f-0242ac1c000c
62,19043c0c-74f5-11ed-b0b8-0242ac1c000c,MACAS,Voluptatum cupiditate pariatur atque impedit perferendis. Soluta doloremque a. Placeat iste et.,983411091,Inactivo,5d69f57e-74f7-11ed-8d69-0242ac1c000c,359d0bb2-74f7-11ed-a487-0242ac1c000c,8c050c20-74f7-11ed-884d-0242ac1c000c,4a0f0c38-74f4-11ed-be5f-0242ac1c000c
93,19043d10-74f5-11ed-b0b8-0242ac1c000c,MATRIZ - GUAYAQUIL,Quidem libero nobis vero repellendus perferendis harum cupiditate. Voluptas similique accusantium sit vel harum perferendis.,988802034,Inactivo,5d69f60a-74f7-11ed-8d69-0242ac1c000c,359d0c52-74f7-11ed-a487-0242ac1c000c,8c050c8e-74f7-11ed-884d-0242ac1c000c,4a0f0c38-74f4-11ed-be5f-0242ac1c000c
125,19043e0a-74f5-11ed-b0b8-0242ac1c000c,CANELOS,Necessitatibus reprehenderit fugiat expedita. Sunt accusamus unde placeat.,913259492,Inactivo,5d69f68c-74f7-11ed-8d69-0242ac1c000c,359d0ce8-74f7-11ed-a487-0242ac1c000c,8c050d24-74f7-11ed-884d-0242ac1c000c,4a0f0c38-74f4-11ed-be5f-0242ac1c000c
126,19043ef0-74f5-11ed-b0b8-0242ac1c000c,MATRIZ - COLTA,Iste quas maxime fugit. Magni laudantium unde. Illo fugit sequi cum aliquid.,923956758,Activo,5d69f718-74f7-11ed-8d69-0242ac1c000c,359d0d88-74f7-11ed-a487-0242ac1c000c,8c050d92-74f7-11ed-884d-0242ac1c000c,4a0f0c38-74f4-11ed-be5f-0242ac1c000c
127,19043fea-74f5-11ed-b0b8-0242ac1c000c,LIMONCOCHA,Eveniet eaque cupiditate quisquam eius. Repudiandae aliquid qui totam. Repellat provident beatae nemo assumenda suscipit quae. Officiis aperiam ipsum vel quia laudantium tempore ipsa.,900558069,Inactivo,5d69f7a4-74f7-11ed-8d69-0242ac1c000c,359d0e1e-74f7-11ed-a487-0242ac1c000c,8c050df6-74f7-11ed-884d-0242ac1c000c,4a0f0c38-74f4-11ed-be5f-0242ac1c000c
128,190440ee-74f5-11ed-b0b8-0242ac1c000c,SUCUMBIOS,Tempore dicta excepturi repudiandae. Blanditiis ea natus deserunt explicabo.,915421118,Activo,5d69f826-74f7-11ed-8d69-0242ac1c000c,359d0eb4-74f7-11ed-a487-0242ac1c000c,8c050e5a-74f7-11ed-884d-0242ac1c000c,4a0f0c38-74f4-11ed-be5f-0242ac1c000c
132,190441e8-74f5-11ed-b0b8-0242ac1c000c,CA헤R,Ullam laudantium iure non voluptas. Veritatis quidem doloremque error.,929112022,Activo,5d69f8a8-74f7-11ed-8d69-0242ac1c000c,359d0f4a-74f7-11ed-a487-0242ac1c000c,8c050ebe-74f7-11ed-884d-0242ac1c000c,4a0f0c38-74f4-11ed-be5f-0242ac1c000c
133,190442ec-74f5-11ed-b0b8-0242ac1c000c,SEDE - GUAYAQUIL,Quisquam voluptates voluptatum maxime excepturi corrupti nesciunt sequi.,927644079,Activo,5d69f92a-74f7-11ed-8d69-0242ac1c000c,359d0fe0-74f7-11ed-a487-0242ac1c000c,8c050f22-74f7-11ed-884d-0242ac1c000c,4a0f0c38-74f4-11ed-be5f-0242ac1c000c
145,190444a4-74f5-11ed-b0b8-0242ac1c000c,MATRIZ - LATACUNGA,Natus consequatur repellat saepe illo qui. Qui similique harum quidem at. Omnis nesciunt quasi.,990976838,Inactivo,5d69f9ac-74f7-11ed-8d69-0242ac1c000c,359d1080-74f7-11ed-a487-0242ac1c000c,8c050f86-74f7-11ed-884d-0242ac1c000c,4a0f0c38-74f4-11ed-be5f-0242ac1c000c
172,190445c6-74f5-11ed-b0b8-0242ac1c000c,LOJA,Qui voluptates aut excepturi soluta autem. Molestias iure in harum sapiente.,978851476,Inactivo,5d69fa42-74f7-11ed-8d69-0242ac1c000c,359d1116-74f7-11ed-a487-0242ac1c000c,8c050ff4-74f7-11ed-884d-0242ac1c000c,4a0f0c38-74f4-11ed-be5f-0242ac1c000c
174,190446ca-74f5-11ed-b0b8-0242ac1c000c,SANTO DOMINGO DE LOS TSACHILAS,Voluptate ipsa minima dolores corrupti. Non excepturi officia quos vitae ipsa dolor.,985571733,Activo,5d69face-74f7-11ed-8d69-0242ac1c000c,359d11ac-74f7-11ed-a487-0242ac1c000c,8c051058-74f7-11ed-884d-0242ac1c000c,4a0f0c38-74f4-11ed-be5f-0242ac1c000c
181,190447ce-74f5-11ed-b0b8-0242ac1c000c,ESMERALDAS MATRIZ,Perferendis facere dolor. Praesentium dolores dolor minus odit alias. Sint temporibus quo facere sit consequuntur blanditiis numquam.,991837803,Activo,5d69fb5a-74f7-11ed-8d69-0242ac1c000c,359d1242-74f7-11ed-a487-0242ac1c000c,8c0510c6-74f7-11ed-884d-0242ac1c000c,4a0f0c38-74f4-11ed-be5f-0242ac1c000c
182,190448c8-74f5-11ed-b0b8-0242ac1c000c,MATRIZ - BABAHOYO,Tenetur consequatur quas iusto praesentium explicabo. Qui nulla enim commodi in.,957394935,Inactivo,5d69fbe6-74f7-11ed-8d69-0242ac1c000c,359d13a0-74f7-11ed-a487-0242ac1c000c,8c051120-74f7-11ed-884d-0242ac1c000c,4a0f0c38-74f4-11ed-be5f-0242ac1c000c
184,190449b8-74f5-11ed-b0b8-0242ac1c000c,MATRIZ - SAN MIGUEL DE URCUQUI,Ipsum autem quaerat ipsa aliquam. Sunt labore modi porro illo doloremque. Tenetur accusantium perferendis error animi sit.,926215794,Inactivo,5d69fc72-74f7-11ed-8d69-0242ac1c000c,359d14fe-74f7-11ed-a487-0242ac1c000c,8c051184-74f7-11ed-884d-0242ac1c000c,4a0f0c38-74f4-11ed-be5f-0242ac1c000c
187,19044abc-74f5-11ed-b0b8-0242ac1c000c,SEDE - SANTO DOMINGO,Incidunt fuga doloribus in nobis voluptatem aperiam. Nemo facere ullam ullam ab perferendis veritatis.,975490501,Inactivo,5d69fcfe-74f7-11ed-8d69-0242ac1c000c,359d15a8-74f7-11ed-a487-0242ac1c000c,8c0511f2-74f7-11ed-884d-0242ac1c000c,4a0f0c38-74f4-11ed-be5f-0242ac1c000c
188,19044bc0-74f5-11ed-b0b8-0242ac1c000c,MATRIZ - SANTO DOMINGO DE LOS TSACHILAS,Libero praesentium maiores voluptate quis saepe enim. Consequuntur quis iste suscipit fugiat.,976226541,Activo,5d69fde4-74f7-11ed-8d69-0242ac1c000c,359d1648-74f7-11ed-a487-0242ac1c000c,8c051256-74f7-11ed-884d-0242ac1c000c,4a0f0c38-74f4-11ed-be5f-0242ac1c000c
190,19044cb0-74f5-11ed-b0b8-0242ac1c000c,MATRIZ - MONTALVO,Corporis ad totam architecto hic iusto. Corporis consectetur quasi accusamus.,976265370,Inactivo,5d69eeee-74f7-11ed-8d69-0242ac1c000c,359d16e8-74f7-11ed-a487-0242ac1c000c,8c0512d8-74f7-11ed-884d-0242ac1c000c,4a0f0c38-74f4-11ed-be5f-0242ac1c000c
192,19044d96-74f5-11ed-b0b8-0242ac1c000c,MATRIZ - EL ANGEL,Nam aut doloribus et. Facilis consectetur sit ea eaque placeat.,953069197,Inactivo,5d69f132-74f7-11ed-8d69-0242ac1c000c,359d1800-74f7-11ed-a487-0242ac1c000c,8c051346-74f7-11ed-884d-0242ac1c000c,4a0f0c38-74f4-11ed-be5f-0242ac1c000c
205,19044e90-74f5-11ed-b0b8-0242ac1c000c,Sede CA헤R,Distinctio quidem dolores nemo qui. Deleniti non voluptatum explicabo tempore accusantium incidunt omnis. Sunt hic corrupti rerum corporis.,991212222,Activo,5d69f1f0-74f7-11ed-8d69-0242ac1c000c,359d1896-74f7-11ed-a487-0242ac1c000c,8c0513aa-74f7-11ed-884d-0242ac1c000c,4a0f0c38-74f4-11ed-be5f-0242ac1c000c
208,19044f8a-74f5-11ed-b0b8-0242ac1c000c,CENTRO DE APOYO - GUAYAQUIL,Reiciendis expedita error molestias. Enim at cupiditate ducimus ut.,934186325,Inactivo,5d69f29a-74f7-11ed-8d69-0242ac1c000c,359d192c-74f7-11ed-a487-0242ac1c000c,8c05140e-74f7-11ed-884d-0242ac1c000c,4a0f0c38-74f4-11ed-be5f-0242ac1c000c
210,1904507a-74f5-11ed-b0b8-0242ac1c000c,BABAHOYO,Quas molestias sapiente porro architecto. Minima tempora nulla dolores non. Fugit ut fuga reprehenderit nobis. Cupiditate vel eveniet ab veniam occaecati expedita dolore.,904727143,Activo,5d69f330-74f7-11ed-8d69-0242ac1c000c,359d19c2-74f7-11ed-a487-0242ac1c000c,8c051774-74f7-11ed-884d-0242ac1c000c,4a0f0c38-74f4-11ed-be5f-0242ac1c000c
220,1904516a-74f5-11ed-b0b8-0242ac1c000c,MATRIZ - BA헲S,Adipisci non quasi nulla quis nisi. Odio nulla molestias nulla sed nulla accusamus. Odio facere quam quasi corporis doloremque. Aliquid ut unde labore.,981643357,Inactivo,5d69f3c6-74f7-11ed-8d69-0242ac1c000c,359d1aa8-74f7-11ed-a487-0242ac1c000c,8c0517f6-74f7-11ed-884d-0242ac1c000c,4a0f0c38-74f4-11ed-be5f-0242ac1c000c
223,1904525a-74f5-11ed-b0b8-0242ac1c000c,PATATE,Ab voluptatem facere. Veniam debitis esse veritatis corrupti itaque hic.,903443109,Activo,5d69f452-74f7-11ed-8d69-0242ac1c000c,359d1b3e-74f7-11ed-a487-0242ac1c000c,8c051850-74f7-11ed-884d-0242ac1c000c,4a0f0c38-74f4-11ed-be5f-0242ac1c000c
225,19045340-74f5-11ed-b0b8-0242ac1c000c,GUAYAQUIL,Reiciendis sed molestiae. Mollitia velit porro laudantium. Quod iusto architecto vero incidunt.,997953184,Inactivo,5d69f4f2-74f7-11ed-8d69-0242ac1c000c,359d1bd4-74f7-11ed-a487-0242ac1c000c,8c0518b4-74f7-11ed-884d-0242ac1c000c,4a0f0c38-74f4-11ed-be5f-0242ac1c000c
227,1904544e-74f5-11ed-b0b8-0242ac1c000c,MATRIZ - AMBATO,Nihil ut voluptates ex temporibus eveniet dolore. Suscipit tenetur minus est culpa. Illo ullam repellendus exercitationem.,920696665,Inactivo,5d69f57e-74f7-11ed-8d69-0242ac1c000c,359d1c6a-74f7-11ed-a487-0242ac1c000c,8c051918-74f7-11ed-884d-0242ac1c000c,4a0f0c38-74f4-11ed-be5f-0242ac1c000c
233,19045552-74f5-11ed-b0b8-0242ac1c000c,MATRIZ - LOJA,Magnam quaerat esse illo dignissimos.,989698039,Activo,5d69f60a-74f7-11ed-8d69-0242ac1c000c,359d1cf6-74f7-11ed-a487-0242ac1c000c,8c051972-74f7-11ed-884d-0242ac1c000c,4a0f0c38-74f4-11ed-be5f-0242ac1c000c
242,19045656-74f5-11ed-b0b8-0242ac1c000c,MATRIZ - SANTO DOMINGO DE LOS COLORADOS.,Sunt aut libero vero facilis nesciunt error. Aperiam optio quod quasi aliquid quos accusantium. Doloremque et distinctio doloribus odit accusantium explicabo explicabo.,982422532,Inactivo,5d69f68c-74f7-11ed-8d69-0242ac1c000c,359d1d8c-74f7-11ed-a487-0242ac1c000c,8c0519d6-74f7-11ed-884d-0242ac1c000c,4a0f0c38-74f4-11ed-be5f-0242ac1c000c
245,190457d2-74f5-11ed-b0b8-0242ac1c000c,CALVAS,Inventore asperiores error. Rerum doloribus veritatis nihil numquam aut similique aperiam. Repellat enim tenetur facere occaecati.,953463390,Activo,5d69f718-74f7-11ed-8d69-0242ac1c000c,359d1e22-74f7-11ed-a487-0242ac1c000c,8c051a3a-74f7-11ed-884d-0242ac1c000c,4a0f0c38-74f4-11ed-be5f-0242ac1c000c
247,190458d6-74f5-11ed-b0b8-0242ac1c000c,RIOBAMBA,Asperiores enim dolorem dolorem. Debitis possimus sequi est alias voluptatibus nam. Unde excepturi molestias praesentium.,938486976,Inactivo,5d69f7a4-74f7-11ed-8d69-0242ac1c000c,359d1eb8-74f7-11ed-a487-0242ac1c000c,8c051aa8-74f7-11ed-884d-0242ac1c000c,4a0f0c38-74f4-11ed-be5f-0242ac1c000c
286,190459c6-74f5-11ed-b0b8-0242ac1c000c,(LOS RIOS-QUEVEDO-QUEVEDO,Nemo labore expedita quasi veritatis nulla. Unde commodi iste corrupti. Aliquam totam suscipit eius possimus incidunt nostrum ex.,926667987,Inactivo,5d69f826-74f7-11ed-8d69-0242ac1c000c,359d1f4e-74f7-11ed-a487-0242ac1c000c,8c051b02-74f7-11ed-884d-0242ac1c000c,8c051b02-74f7-11ed-884d-0242ac1c000c
307,19045ab6-74f5-11ed-b0b8-0242ac1c000c,IBARRA,Dolorum nesciunt atque non consequatur nisi distinctio. Animi reprehenderit iure natus.,936564667,Activo,5d69f8a8-74f7-11ed-8d69-0242ac1c000c,359d1fe4-74f7-11ed-a487-0242ac1c000c,8c051b66-74f7-11ed-884d-0242ac1c000c,4a0f0c38-74f4-11ed-be5f-0242ac1c000c
308,19045bba-74f5-11ed-b0b8-0242ac1c000c,COTACACHI,Vitae quod distinctio id quae laborum corporis tenetur. Numquam commodi eos exercitationem consequuntur et velit rerum.,993485403,Inactivo,5d69f92a-74f7-11ed-8d69-0242ac1c000c,359d207a-74f7-11ed-a487-0242ac1c000c,8c051bca-74f7-11ed-884d-0242ac1c000c,4a0f0c38-74f4-11ed-be5f-0242ac1c000c
310,19045caa-74f5-11ed-b0b8-0242ac1c000c,MATRIZ - NUEVA LOJA,Quam aperiam dolorem facilis sapiente rerum neque. Ipsam tempore pariatur quam.,924859574,Activo,5d69f9ac-74f7-11ed-8d69-0242ac1c000c,359d2110-74f7-11ed-a487-0242ac1c000c,8c051c2e-74f7-11ed-884d-0242ac1c000c,4a0f0c38-74f4-11ed-be5f-0242ac1c000c
315,19045d9a-74f5-11ed-b0b8-0242ac1c000c,MATRIZ - IBARRA,Placeat pariatur vero quibusdam soluta veritatis. Assumenda amet eveniet fugit. Natus enim quam assumenda hic.,952465624,Activo,5d69fa42-74f7-11ed-8d69-0242ac1c000c,359d219c-74f7-11ed-a487-0242ac1c000c,8c051c88-74f7-11ed-884d-0242ac1c000c,4a0f0c38-74f4-11ed-be5f-0242ac1c000c
330,19045e94-74f5-11ed-b0b8-0242ac1c000c,SEDE - QUITO,Quis adipisci ab. Sequi vel hic reprehenderit. Ea dignissimos totam veritatis temporibus.,921552651,Inactivo,5d69face-74f7-11ed-8d69-0242ac1c000c,359d2232-74f7-11ed-a487-0242ac1c000c,8c051cf6-74f7-11ed-884d-0242ac1c000c,4a0f0c38-74f4-11ed-be5f-0242ac1c000c
355,19045f98-74f5-11ed-b0b8-0242ac1c000c,SANTO DOMINGO,Itaque ipsam id nesciunt omnis. Hic ipsam ad exercitationem corrupti. Illum iure maiores nam incidunt deserunt. Quod aperiam dolores cum blanditiis aliquam.,940675526,Activo,5d69fb5a-74f7-11ed-8d69-0242ac1c000c,359d22c8-74f7-11ed-a487-0242ac1c000c,8c051d5a-74f7-11ed-884d-0242ac1c000c,4a0f0c38-74f4-11ed-be5f-0242ac1c000c
358,19046088-74f5-11ed-b0b8-0242ac1c000c,MATRIZ - MACHALA,Earum iste eaque iusto praesentium. Porro laboriosam quam dolor unde magnam.,932454084,Activo,5d69fbe6-74f7-11ed-8d69-0242ac1c000c,359d235e-74f7-11ed-a487-0242ac1c000c,8c051dbe-74f7-11ed-884d-0242ac1c000c,4a0f0c38-74f4-11ed-be5f-0242ac1c000c
365,19046182-74f5-11ed-b0b8-0242ac1c000c,ESMERALDAS,Cum omnis perspiciatis alias illo. Tempora dolorum vero minima.,982959720,Activo,5d69fc72-74f7-11ed-8d69-0242ac1c000c,359d23ea-74f7-11ed-a487-0242ac1c000c,8c051e18-74f7-11ed-884d-0242ac1c000c,4a0f0c38-74f4-11ed-be5f-0242ac1c000c
367,1904627c-74f5-11ed-b0b8-0242ac1c000c,LA TRONCAL,Aliquid quo mollitia ad. Eius magnam quis eum eaque eius. Non repellendus repellat laudantium tempore excepturi itaque.,940880774,Inactivo,5d69fcfe-74f7-11ed-8d69-0242ac1c000c,359d24b2-74f7-11ed-a487-0242ac1c000c,8c051e7c-74f7-11ed-884d-0242ac1c000c,4a0f0c38-74f4-11ed-be5f-0242ac1c000c
372,1904638a-74f5-11ed-b0b8-0242ac1c000c,SEDE - AMBATO,Libero ex vel nihil blanditiis est. Ducimus autem quod deserunt. Esse earum incidunt asperiores.,997401044,Activo,5d69fde4-74f7-11ed-8d69-0242ac1c000c,359d257a-74f7-11ed-a487-0242ac1c000c,8c051ed6-74f7-11ed-884d-0242ac1c000c,4a0f0c38-74f4-11ed-be5f-0242ac1c000c
407,19046484-74f5-11ed-b0b8-0242ac1c000c,PUYO,Quod mollitia delectus laudantium quam. Suscipit repellat facere minima laboriosam.,997769493,Inactivo,5d69eeee-74f7-11ed-8d69-0242ac1c000c,359d25fc-74f7-11ed-a487-0242ac1c000c,8c051f3a-74f7-11ed-884d-0242ac1c000c,4a0f0c38-74f4-11ed-be5f-0242ac1c000c
417,19046574-74f5-11ed-b0b8-0242ac1c000c,GUARANDA,Doloribus quae quia. Nesciunt incidunt eos iure necessitatibus.,998519725,Inactivo,5d69f132-74f7-11ed-8d69-0242ac1c000c,359d267e-74f7-11ed-a487-0242ac1c000c,8c051f94-74f7-11ed-884d-0242ac1c000c,4a0f0c38-74f4-11ed-be5f-0242ac1c000c
436,19046664-74f5-11ed-b0b8-0242ac1c000c,PUERTO QUITO,Nam cum distinctio cum placeat consequuntur facilis in. Temporibus dolor assumenda vero deserunt aspernatur corrupti recusandae.,997920374,Activo,5d69f1f0-74f7-11ed-8d69-0242ac1c000c,359d2700-74f7-11ed-a487-0242ac1c000c,8c051ff8-74f7-11ed-884d-0242ac1c000c,4a0f0c38-74f4-11ed-be5f-0242ac1c000c
437,1904675e-74f5-11ed-b0b8-0242ac1c000c,MATRIZ - PUERTO QUITO,Ut porro dignissimos aperiam voluptatibus rem. Fuga soluta praesentium quibusdam voluptas.,970410427,Activo,5d69f29a-74f7-11ed-8d69-0242ac1c000c,359d278c-74f7-11ed-a487-0242ac1c000c,8c052052-74f7-11ed-884d-0242ac1c000c,4a0f0c38-74f4-11ed-be5f-0242ac1c000c
440,1904686c-74f5-11ed-b0b8-0242ac1c000c,HUAQUILLAS,Facilis aliquid totam aut nesciunt exercitationem ullam quibusdam.,983320956,Activo,5d69f330-74f7-11ed-8d69-0242ac1c000c,359d280e-74f7-11ed-a487-0242ac1c000c,8c0520b6-74f7-11ed-884d-0242ac1c000c,4a0f0c38-74f4-11ed-be5f-0242ac1c000c
461,19046966-74f5-11ed-b0b8-0242ac1c000c,BIBLIAN,Aliquam sunt consequatur sunt assumenda consequatur aperiam eaque. Corporis veritatis dolorem quaerat dicta aut. Dolorem eveniet veritatis eum.,926684725,Inactivo,5d69f3c6-74f7-11ed-8d69-0242ac1c000c,359d2890-74f7-11ed-a487-0242ac1c000c,8c05211a-74f7-11ed-884d-0242ac1c000c,4a0f0c38-74f4-11ed-be5f-0242ac1c000c
471,19046aec-74f5-11ed-b0b8-0242ac1c000c,MATRIZ - PASAJE,Veritatis iusto assumenda magni ab ducimus dolore. Amet vitae aliquid similique molestias consectetur doloribus. Qui in consectetur magnam.,981783381,Inactivo,5d69f452-74f7-11ed-8d69-0242ac1c000c,359d291c-74f7-11ed-a487-0242ac1c000c,8c05217e-74f7-11ed-884d-0242ac1c000c,4a0f0c38-74f4-11ed-be5f-0242ac1c000c
474,19046c22-74f5-11ed-b0b8-0242ac1c000c,MATRIZ - DAULE,Earum quo praesentium rerum quaerat reprehenderit ducimus id.,957389521,Activo,5d69f4f2-74f7-11ed-8d69-0242ac1c000c,359d29b2-74f7-11ed-a487-0242ac1c000c,8c0521e2-74f7-11ed-884d-0242ac1c000c,4a0f0c38-74f4-11ed-be5f-0242ac1c000c
484,19046d26-74f5-11ed-b0b8-0242ac1c000c,MATRIZ - AZOGUES,Accusantium quod necessitatibus a fuga quisquam consequatur. Quidem eum est quam reprehenderit nemo cum.,962158677,Inactivo,5d69f57e-74f7-11ed-8d69-0242ac1c000c,359d2a52-74f7-11ed-a487-0242ac1c000c,8c052246-74f7-11ed-884d-0242ac1c000c,4a0f0c38-74f4-11ed-be5f-0242ac1c000c
486,19046e20-74f5-11ed-b0b8-0242ac1c000c,SEDE - RIOBAMBA,Odit et vitae iure libero. Recusandae voluptatem suscipit dignissimos deserunt. Ab nam quaerat aperiam explicabo.,962334789,Activo,5d69f60a-74f7-11ed-8d69-0242ac1c000c,359d2ae8-74f7-11ed-a487-0242ac1c000c,8c0522aa-74f7-11ed-884d-0242ac1c000c,4a0f0c38-74f4-11ed-be5f-0242ac1c000c
490,19046f7e-74f5-11ed-b0b8-0242ac1c000c,LA MANA,Excepturi suscipit fugiat ducimus. Quis est nulla odit maxime.,983091579,Activo,5d69f68c-74f7-11ed-8d69-0242ac1c000c,359d2b74-74f7-11ed-a487-0242ac1c000c,8c05230e-74f7-11ed-884d-0242ac1c000c,4a0f0c38-74f4-11ed-be5f-0242ac1c000c
498,190470aa-74f5-11ed-b0b8-0242ac1c000c,MATRIZ - Sede QUITO,Dignissimos ipsum voluptatum. Esse harum aspernatur inventore eligendi reiciendis fugiat.,968330256,Inactivo,5d69f718-74f7-11ed-8d69-0242ac1c000c,359d2c0a-74f7-11ed-a487-0242ac1c000c,8c052372-74f7-11ed-884d-0242ac1c000c,4a0f0c38-74f4-11ed-be5f-0242ac1c000c
518,190471a4-74f5-11ed-b0b8-0242ac1c000c,MATRIZ - LIMON INDANZA,Accusamus libero aliquid quasi hic tempora. Dignissimos fuga voluptatum velit accusamus est. Excepturi aperiam quidem iste ex illo inventore.,977563933,Activo,5d69f7a4-74f7-11ed-8d69-0242ac1c000c,359d2d7c-74f7-11ed-a487-0242ac1c000c,8c0523d6-74f7-11ed-884d-0242ac1c000c,4a0f0c38-74f4-11ed-be5f-0242ac1c000c
523,19047294-74f5-11ed-b0b8-0242ac1c000c,AMBATO,Neque hic laboriosam officiis quod quam. Esse expedita molestiae ad temporibus ipsum.,918281255,Inactivo,5d69f826-74f7-11ed-8d69-0242ac1c000c,359d2e1c-74f7-11ed-a487-0242ac1c000c,8c052430-74f7-11ed-884d-0242ac1c000c,4a0f0c38-74f4-11ed-be5f-0242ac1c000c
525,1904738e-74f5-11ed-b0b8-0242ac1c000c,MATRIZ - MANTA,Itaque eius maxime et. Fugiat ipsa soluta. Reiciendis amet ad eum est. Dolorum ex ratione.,995470604,Activo,5d69f8a8-74f7-11ed-8d69-0242ac1c000c,359d2eb2-74f7-11ed-a487-0242ac1c000c,8c052494-74f7-11ed-884d-0242ac1c000c,4a0f0c38-74f4-11ed-be5f-0242ac1c000c
539,19047474-74f5-11ed-b0b8-0242ac1c000c,MATRIZ - ESMERALDAS,Iusto numquam quibusdam veritatis fugit. Molestias mollitia atque quos. Temporibus suscipit molestiae.,948769920,Inactivo,5d69f92a-74f7-11ed-8d69-0242ac1c000c,359d2f98-74f7-11ed-a487-0242ac1c000c,8c0524f8-74f7-11ed-884d-0242ac1c000c,4a0f0c38-74f4-11ed-be5f-0242ac1c000c
543,19047564-74f5-11ed-b0b8-0242ac1c000c,EL GUABO,Eligendi ab voluptas fugiat facere suscipit. Id quisquam doloremque. Aperiam dolore sequi magnam mollitia vitae.,989194073,Inactivo,5d69f9ac-74f7-11ed-8d69-0242ac1c000c,359d3024-74f7-11ed-a487-0242ac1c000c,8c05255c-74f7-11ed-884d-0242ac1c000c,4a0f0c38-74f4-11ed-be5f-0242ac1c000c
544,1904765e-74f5-11ed-b0b8-0242ac1c000c,ALAUSI,Quos ex ullam quasi. Delectus veritatis voluptate perspiciatis rerum.,911191604,Inactivo,5d69fa42-74f7-11ed-8d69-0242ac1c000c,359d30ba-74f7-11ed-a487-0242ac1c000c,8c0525c0-74f7-11ed-884d-0242ac1c000c,4a0f0c38-74f4-11ed-be5f-0242ac1c000c
553,1904774e-74f5-11ed-b0b8-0242ac1c000c,CAYAMBE,Sunt veritatis repudiandae error nulla cumque qui repudiandae. Reiciendis esse dolorem soluta.,960158138,Inactivo,5d69face-74f7-11ed-8d69-0242ac1c000c,359d313c-74f7-11ed-a487-0242ac1c000c,8c05261a-74f7-11ed-884d-0242ac1c000c,4a0f0c38-74f4-11ed-be5f-0242ac1c000c
556,19047852-74f5-11ed-b0b8-0242ac1c000c,MATRIZ - PI헤S,Sed maiores accusantium non provident mollitia laborum. Consequuntur voluptatem impedit excepturi sit. Laboriosam explicabo vero commodi at tempore blanditiis quibusdam.,909648046,Activo,5d69fb5a-74f7-11ed-8d69-0242ac1c000c,359d31c8-74f7-11ed-a487-0242ac1c000c,8c05267e-74f7-11ed-884d-0242ac1c000c,4a0f0c38-74f4-11ed-be5f-0242ac1c000c
559,19047956-74f5-11ed-b0b8-0242ac1c000c,LA JOYA DE LOS SACHAS,Eum aperiam illo quisquam.,957065882,Inactivo,5d69fbe6-74f7-11ed-8d69-0242ac1c000c,359d3254-74f7-11ed-a487-0242ac1c000c,8c0526e2-74f7-11ed-884d-0242ac1c000c,4a0f0c38-74f4-11ed-be5f-0242ac1c000c
566,19047a64-74f5-11ed-b0b8-0242ac1c000c,BA헲S,Explicabo voluptas nulla atque aspernatur. Maxime doloribus praesentium suscipit.,914302884,Activo,5d69fc72-74f7-11ed-8d69-0242ac1c000c,359d32ea-74f7-11ed-a487-0242ac1c000c,8c05278c-74f7-11ed-884d-0242ac1c000c,4a0f0c38-74f4-11ed-be5f-0242ac1c000c
568,19047b54-74f5-11ed-b0b8-0242ac1c000c,MATRIZ - PORTOVIEJO,Quis quod asperiores pariatur. Fugiat asperiores quae quidem exercitationem reiciendis.,935885933,Activo,5d69fcfe-74f7-11ed-8d69-0242ac1c000c,359d3380-74f7-11ed-a487-0242ac1c000c,8c0527f0-74f7-11ed-884d-0242ac1c000c,4a0f0c38-74f4-11ed-be5f-0242ac1c000c
576,19047c3a-74f5-11ed-b0b8-0242ac1c000c,PELILEO,Cumque ut voluptates eos distinctio laborum nesciunt debitis. Fugit expedita incidunt quas possimus. Possimus earum eligendi.,960906170,Activo,5d69fde4-74f7-11ed-8d69-0242ac1c000c,359d340c-74f7-11ed-a487-0242ac1c000c,8c052854-74f7-11ed-884d-0242ac1c000c,4a0f0c38-74f4-11ed-be5f-0242ac1c000c
582,19047d20-74f5-11ed-b0b8-0242ac1c000c,PORTOVIEJO,Provident cum neque ratione ipsa alias commodi.,976526733,Inactivo,5d69eeee-74f7-11ed-8d69-0242ac1c000c,359d34a2-74f7-11ed-a487-0242ac1c000c,8c0528b8-74f7-11ed-884d-0242ac1c000c,4a0f0c38-74f4-11ed-be5f-0242ac1c000c
588,19047ea6-74f5-11ed-b0b8-0242ac1c000c,MATRIZ - YANZATZA,Minima iste laudantium impedit laboriosam accusamus explicabo. Numquam praesentium iusto quos. Quod inventore vel iusto hic ut itaque.,903299116,Activo,5d69f132-74f7-11ed-8d69-0242ac1c000c,359d3542-74f7-11ed-a487-0242ac1c000c,8c052926-74f7-11ed-884d-0242ac1c000c,4a0f0c38-74f4-11ed-be5f-0242ac1c000c
590,19047fa0-74f5-11ed-b0b8-0242ac1c000c,QUININDE,Explicabo iusto voluptate voluptates odio. Enim ipsum possimus velit deleniti laborum. Dignissimos quia delectus facilis odio.,914020866,Activo,5d69f1f0-74f7-11ed-8d69-0242ac1c000c,359d35ce-74f7-11ed-a487-0242ac1c000c,8c052980-74f7-11ed-884d-0242ac1c000c,4a0f0c38-74f4-11ed-be5f-0242ac1c000c
591,190480f4-74f5-11ed-b0b8-0242ac1c000c,MATRIZ - COTACACHI,Soluta reprehenderit officiis iure nesciunt minima. Doloribus occaecati vitae porro consectetur. Perspiciatis et ex commodi.,971037877,Activo,5d69f29a-74f7-11ed-8d69-0242ac1c000c,359d365a-74f7-11ed-a487-0242ac1c000c,8c0529ee-74f7-11ed-884d-0242ac1c000c,4a0f0c38-74f4-11ed-be5f-0242ac1c000c
597,1904822a-74f5-11ed-b0b8-0242ac1c000c,MATRIZ - SANGOLQUI,Voluptatum similique numquam. Ab quis sint dolore iure magnam. Officiis ullam perferendis sit saepe ex assumenda. Placeat harum est consequatur tenetur.,938225536,Inactivo,5d69f330-74f7-11ed-8d69-0242ac1c000c,359d36f0-74f7-11ed-a487-0242ac1c000c,8c052a48-74f7-11ed-884d-0242ac1c000c,4a0f0c38-74f4-11ed-be5f-0242ac1c000c
627,1904832e-74f5-11ed-b0b8-0242ac1c000c,CUENCA,A culpa possimus magni earum cumque. Deleniti iure cumque commodi. Laudantium modi reprehenderit molestias.,957220473,Activo,5d69f3c6-74f7-11ed-8d69-0242ac1c000c,359d3786-74f7-11ed-a487-0242ac1c000c,8c052aac-74f7-11ed-884d-0242ac1c000c,4a0f0c38-74f4-11ed-be5f-0242ac1c000c
633,1904843c-74f5-11ed-b0b8-0242ac1c000c,MATRIZ - SIMIATUG,Quaerat perspiciatis hic voluptatum.,905113785,Activo,5d69f452-74f7-11ed-8d69-0242ac1c000c,359d381c-74f7-11ed-a487-0242ac1c000c,8c052b10-74f7-11ed-884d-0242ac1c000c,4a0f0c38-74f4-11ed-be5f-0242ac1c000c
636,1904852c-74f5-11ed-b0b8-0242ac1c000c,QUEVEDO,Suscipit accusamus totam quibusdam totam minus. Fugiat est quae corrupti.,977553777,Inactivo,5d69f4f2-74f7-11ed-8d69-0242ac1c000c,359d38b2-74f7-11ed-a487-0242ac1c000c,8c052b9c-74f7-11ed-884d-0242ac1c000c,4a0f0c38-74f4-11ed-be5f-0242ac1c000c
667,19048612-74f5-11ed-b0b8-0242ac1c000c,MATRIZ - Sede SUCUA,Dolor eius distinctio fugit aliquid eaque similique. Asperiores voluptates ullam eligendi eos veritatis facere eaque.,945695391,Activo,5d69f57e-74f7-11ed-8d69-0242ac1c000c,359d397a-74f7-11ed-a487-0242ac1c000c,8c052c00-74f7-11ed-884d-0242ac1c000c,4a0f0c38-74f4-11ed-be5f-0242ac1c000c
699,190486f8-74f5-11ed-b0b8-0242ac1c000c,MATRIZ - TENA,Voluptatem nulla expedita numquam. Ipsa architecto placeat aliquam ea. Facere pariatur numquam quos consequatur autem.,947388830,Inactivo,5d69f60a-74f7-11ed-8d69-0242ac1c000c,359d3a10-74f7-11ed-a487-0242ac1c000c,8c052c5a-74f7-11ed-884d-0242ac1c000c,4a0f0c38-74f4-11ed-be5f-0242ac1c000c
702,190487de-74f5-11ed-b0b8-0242ac1c000c,MATRIZ - CHIMBO,Impedit ipsam eos voluptas veritatis maxime. Nostrum tempora at nam itaque. Amet alias dolore officiis.,954111786,Inactivo,5d69f68c-74f7-11ed-8d69-0242ac1c000c,359d3b0a-74f7-11ed-a487-0242ac1c000c,8c052cbe-74f7-11ed-884d-0242ac1c000c,4a0f0c38-74f4-11ed-be5f-0242ac1c000c
704,190488ce-74f5-11ed-b0b8-0242ac1c000c,MATRIZ - TULCAN,Doloribus hic eveniet adipisci. Quibusdam vel at reprehenderit eveniet.,962854915,Activo,5d69f718-74f7-11ed-8d69-0242ac1c000c,359d3baa-74f7-11ed-a487-0242ac1c000c,8c052d18-74f7-11ed-884d-0242ac1c000c,4a0f0c38-74f4-11ed-be5f-0242ac1c000c
706,190489b4-74f5-11ed-b0b8-0242ac1c000c,DISTRITO METROPOLITANO DE QUITO MATRIZ,Explicabo nemo perferendis cupiditate alias. Odio tempora soluta voluptatum molestiae suscipit possimus. Illo aliquid quod optio natus quia.,941122832,Activo,5d69f7a4-74f7-11ed-8d69-0242ac1c000c,359d3c40-74f7-11ed-a487-0242ac1c000c,8c052d7c-74f7-11ed-884d-0242ac1c000c,4a0f0c38-74f4-11ed-be5f-0242ac1c000c
736,19048aae-74f5-11ed-b0b8-0242ac1c000c,LATACUNGA,Qui repudiandae delectus nostrum. Dignissimos eius harum quis error nesciunt sunt ipsum.,985162218,Activo,5d69f826-74f7-11ed-8d69-0242ac1c000c,359d3cd6-74f7-11ed-a487-0242ac1c000c,8c052de0-74f7-11ed-884d-0242ac1c000c,4a0f0c38-74f4-11ed-be5f-0242ac1c000c
751,19048bb2-74f5-11ed-b0b8-0242ac1c000c,EXTENSION - SANTO DOMINGO DE LOS COLORADOS,Alias quos provident eligendi error animi. Amet asperiores maxime repudiandae fuga voluptatem.,929836834,Inactivo,5d69f8a8-74f7-11ed-8d69-0242ac1c000c,359d3d6c-74f7-11ed-a487-0242ac1c000c,8c052e3a-74f7-11ed-884d-0242ac1c000c,4a0f0c38-74f4-11ed-be5f-0242ac1c000c
752,19048cca-74f5-11ed-b0b8-0242ac1c000c,EXTENSION - ESMERALDAS,Architecto eos quo consectetur. Rem sapiente numquam repellat dolores quibusdam. Ipsum delectus dignissimos repudiandae nam quod vero ullam. Modi sint modi nulla laborum ullam sunt iusto.,940116569,Activo,5d69f92a-74f7-11ed-8d69-0242ac1c000c,359d3e02-74f7-11ed-a487-0242ac1c000c,8c052e9e-74f7-11ed-884d-0242ac1c000c,4a0f0c38-74f4-11ed-be5f-0242ac1c000c
753,19048dc4-74f5-11ed-b0b8-0242ac1c000c,MATRIZ - CAMPUS CENTRAL,Eaque accusamus culpa aspernatur impedit atque. Error tempora quia dicta laudantium temporibus quam. Officia maiores vitae.,905654223,Inactivo,5d69f9ac-74f7-11ed-8d69-0242ac1c000c,359d3e98-74f7-11ed-a487-0242ac1c000c,8c052ef8-74f7-11ed-884d-0242ac1c000c,4a0f0c38-74f4-11ed-be5f-0242ac1c000c
754,19048ed2-74f5-11ed-b0b8-0242ac1c000c,SEDE - PORTOVIEJO-CHONE-BAHIA DE CARAQUEZ,Numquam labore necessitatibus eos. Veritatis laudantium at.,924465591,Activo,5d69fa42-74f7-11ed-8d69-0242ac1c000c,359d3fe2-74f7-11ed-a487-0242ac1c000c,8c052f5c-74f7-11ed-884d-0242ac1c000c,4a0f0c38-74f4-11ed-be5f-0242ac1c000c
759,19048fcc-74f5-11ed-b0b8-0242ac1c000c,SEDE - SANTO DOMINGO DE LOS TSACHILAS,Aut maiores impedit blanditiis enim molestiae quisquam. Temporibus eius laboriosam itaque. Illo repellat distinctio dolorem laudantium natus ipsum quidem. Doloremque doloremque neque aliquam.,984656476,Activo,5d69face-74f7-11ed-8d69-0242ac1c000c,359d408c-74f7-11ed-a487-0242ac1c000c,8c052fc0-74f7-11ed-884d-0242ac1c000c,4a0f0c38-74f4-11ed-be5f-0242ac1c000c
761,190490c6-74f5-11ed-b0b8-0242ac1c000c,SEDE - ESMERALDAS,Modi eveniet fugiat itaque itaque rerum. Ducimus nam nisi quia alias laboriosam maiores similique. Nesciunt porro optio quis nam blanditiis commodi.,958391333,Activo,5d69fb5a-74f7-11ed-8d69-0242ac1c000c,359d412c-74f7-11ed-a487-0242ac1c000c,8c053024-74f7-11ed-884d-0242ac1c000c,4a0f0c38-74f4-11ed-be5f-0242ac1c000c
779,190492b0-74f5-11ed-b0b8-0242ac1c000c,PORTOVIEJO SEDE,Quidem nihil reiciendis laudantium distinctio sed molestiae neque. Recusandae repudiandae sit. In iste magni. Enim placeat repellat beatae.,933391352,Inactivo,5d69fbe6-74f7-11ed-8d69-0242ac1c000c,359d41cc-74f7-11ed-a487-0242ac1c000c,8c05307e-74f7-11ed-884d-0242ac1c000c,4a0f0c38-74f4-11ed-be5f-0242ac1c000c
781,190493d2-74f5-11ed-b0b8-0242ac1c000c,EXTENSION - PORTOVIEJO-CHONE-BAHIA DE CARAQUEZ,Possimus optio accusamus officiis dicta ducimus vitae dolore. Dolores vel corporis enim. Nobis illum voluptatem.,918109734,Activo,5d69fc72-74f7-11ed-8d69-0242ac1c000c,359d426c-74f7-11ed-a487-0242ac1c000c,8c0530e2-74f7-11ed-884d-0242ac1c000c,4a0f0c38-74f4-11ed-be5f-0242ac1c000c
788,190494c2-74f5-11ed-b0b8-0242ac1c000c,EXTENSION - AMBATO,Rem necessitatibus iure sit nihil reprehenderit sunt. Autem explicabo culpa laboriosam dolorem. Consectetur possimus dolore illo repellendus cupiditate dolores.,901859923,Inactivo,5d69fcfe-74f7-11ed-8d69-0242ac1c000c,359d430c-74f7-11ed-a487-0242ac1c000c,8c05313c-74f7-11ed-884d-0242ac1c000c,4a0f0c38-74f4-11ed-be5f-0242ac1c000c
799,190495b2-74f5-11ed-b0b8-0242ac1c000c,SEDE - MILAGRO,Alias reiciendis molestias ab sint velit.,958551978,Activo,5d69fde4-74f7-11ed-8d69-0242ac1c000c,359d43ac-74f7-11ed-a487-0242ac1c000c,8c0531a0-74f7-11ed-884d-0242ac1c000c,4a0f0c38-74f4-11ed-be5f-0242ac1c000c
802,19049698-74f5-11ed-b0b8-0242ac1c000c,EXTENSION - MILAGRO,Vitae perspiciatis fugit labore vel necessitatibus nulla. Amet eius repudiandae ipsa. Voluptatem provident ullam voluptatem.,979631224,Activo,5d69eeee-74f7-11ed-8d69-0242ac1c000c,359d444c-74f7-11ed-a487-0242ac1c000c,8c05322c-74f7-11ed-884d-0242ac1c000c,4a0f0c38-74f4-11ed-be5f-0242ac1c000c
803,1904977e-74f5-11ed-b0b8-0242ac1c000c,EXTENSION - EL TRIUNFO,Voluptates eos illo deleniti natus. Dolore commodi nam itaque distinctio perferendis unde.,944612869,Inactivo,5d69f132-74f7-11ed-8d69-0242ac1c000c,359d4528-74f7-11ed-a487-0242ac1c000c,8c0532a4-74f7-11ed-884d-0242ac1c000c,4a0f0c38-74f4-11ed-be5f-0242ac1c000c
804,1904986e-74f5-11ed-b0b8-0242ac1c000c,NARANJAL,Quisquam vero sunt at. Rem et earum dolor cumque quo.,923144763,Inactivo,5d69f1f0-74f7-11ed-8d69-0242ac1c000c,359d45d2-74f7-11ed-a487-0242ac1c000c,8c0532fe-74f7-11ed-884d-0242ac1c000c,4a0f0c38-74f4-11ed-be5f-0242ac1c000c
827,19049954-74f5-11ed-b0b8-0242ac1c000c,EXTENSION - LA TRONCAL,Quisquam occaecati earum soluta eius nisi error. Sed neque minima qui sunt. Eius necessitatibus aspernatur reprehenderit blanditiis dignissimos voluptatem quod.,971324563,Activo,5d69f29a-74f7-11ed-8d69-0242ac1c000c,359d4672-74f7-11ed-a487-0242ac1c000c,8c05336c-74f7-11ed-884d-0242ac1c000c,4a0f0c38-74f4-11ed-be5f-0242ac1c000c
828,19049a44-74f5-11ed-b0b8-0242ac1c000c,MORONA,Fugit fugit explicabo nihil odio. Repellendus error commodi consectetur accusantium aspernatur. Possimus molestias animi mollitia.,957845927,Activo,5d69f330-74f7-11ed-8d69-0242ac1c000c,359d4712-74f7-11ed-a487-0242ac1c000c,8c0533d0-74f7-11ed-884d-0242ac1c000c,4a0f0c38-74f4-11ed-be5f-0242ac1c000c
834,19049b20-74f5-11ed-b0b8-0242ac1c000c,EXTENSION - AZOGUES,Sint neque voluptas corporis beatae nesciunt temporibus. Dolorum laboriosam sapiente recusandae aut reprehenderit. Ipsam voluptatibus sapiente quam placeat reprehenderit accusamus ipsam.,900091806,Inactivo,5d69f3c6-74f7-11ed-8d69-0242ac1c000c,359d47b2-74f7-11ed-a487-0242ac1c000c,8c053434-74f7-11ed-884d-0242ac1c000c,4a0f0c38-74f4-11ed-be5f-0242ac1c000c
840,19049c24-74f5-11ed-b0b8-0242ac1c000c,AZOGUES MATRIZ,Corrupti qui ullam ducimus commodi totam officia.,959967044,Activo,5d69f452-74f7-11ed-8d69-0242ac1c000c,359d483e-74f7-11ed-a487-0242ac1c000c,8c053498-74f7-11ed-884d-0242ac1c000c,4a0f0c38-74f4-11ed-be5f-0242ac1c000c
1045,19049d1e-74f5-11ed-b0b8-0242ac1c000c,URCUQUI,Nulla repellendus facere illum vel quibusdam. Similique odio adipisci inventore. Dolorem fuga ex saepe accusamus.,909768543,Activo,5d69f4f2-74f7-11ed-8d69-0242ac1c000c,359d48d4-74f7-11ed-a487-0242ac1c000c,8c0534fc-74f7-11ed-884d-0242ac1c000c,4a0f0c38-74f4-11ed-be5f-0242ac1c000c
1055,19049e36-74f5-11ed-b0b8-0242ac1c000c,MATRIZ,Nulla deserunt explicabo nobis minima. Reiciendis ipsam repellendus labore. Possimus officia itaque saepe voluptas exercitationem perferendis.,939115164,Inactivo,5d69f57e-74f7-11ed-8d69-0242ac1c000c,359d4960-74f7-11ed-a487-0242ac1c000c,8c053556-74f7-11ed-884d-0242ac1c000c,4a0f0c38-74f4-11ed-be5f-0242ac1c000c
1068,19049f3a-74f5-11ed-b0b8-0242ac1c000c,EXTENSION - LATACUNGA,Laboriosam fugit et illum. Inventore atque mollitia necessitatibus totam neque.,983409211,Inactivo,5d69f60a-74f7-11ed-8d69-0242ac1c000c,359d49f6-74f7-11ed-a487-0242ac1c000c,8c0535ba-74f7-11ed-884d-0242ac1c000c,4a0f0c38-74f4-11ed-be5f-0242ac1c000c
1083,1904a048-74f5-11ed-b0b8-0242ac1c000c,SEDE - LATACUNGA,Doloribus alias quaerat culpa. Cumque hic molestias dolorem voluptatibus non necessitatibus.,929470942,Activo,5d69f68c-74f7-11ed-8d69-0242ac1c000c,359d4a82-74f7-11ed-a487-0242ac1c000c,8c05361e-74f7-11ed-884d-0242ac1c000c,4a0f0c38-74f4-11ed-be5f-0242ac1c000c
1103,1904a1ba-74f5-11ed-b0b8-0242ac1c000c,MATRIZ - OTAVALO,Expedita illum impedit aliquam enim dolores esse soluta. Minima aperiam pariatur at dignissimos molestiae fugiat. Provident consequuntur architecto voluptas quam.,949658807,Activo,5d69f718-74f7-11ed-8d69-0242ac1c000c,359d4b2c-74f7-11ed-a487-0242ac1c000c,8c053682-74f7-11ed-884d-0242ac1c000c,4a0f0c38-74f4-11ed-be5f-0242ac1c000c
1108,1904a2be-74f5-11ed-b0b8-0242ac1c000c,MATRIZ - PASTAZA,Earum repudiandae provident vitae. Fuga maxime possimus sequi tempore accusantium occaecati sequi. Placeat dignissimos sunt consequatur repudiandae.,901408898,Activo,5d69f7a4-74f7-11ed-8d69-0242ac1c000c,359d4bc2-74f7-11ed-a487-0242ac1c000c,8c0536f0-74f7-11ed-884d-0242ac1c000c,4a0f0c38-74f4-11ed-be5f-0242ac1c000c
1110,1904a426-74f5-11ed-b0b8-0242ac1c000c,MATRIZ - EL PANGUI,Explicabo facilis ab corrupti qui nesciunt soluta quaerat. Officia animi sed natus nulla voluptates quos voluptatem. Asperiores laborum beatae aliquam. Ullam cumque fugit distinctio atque.,953863415,Inactivo,5d69f826-74f7-11ed-8d69-0242ac1c000c,359d4c62-74f7-11ed-a487-0242ac1c000c,8c053754-74f7-11ed-884d-0242ac1c000c,4a0f0c38-74f4-11ed-be5f-0242ac1c000c
1111,1904a5f2-74f5-11ed-b0b8-0242ac1c000c,LAGO AGRIO MATRIZ,Ex odio necessitatibus. Dolorum blanditiis cupiditate inventore. Perferendis consequuntur tenetur ullam quod enim dolorum eos.,958716407,Inactivo,5d69f8a8-74f7-11ed-8d69-0242ac1c000c,359d4d20-74f7-11ed-a487-0242ac1c000c,8c0537b8-74f7-11ed-884d-0242ac1c000c,4a0f0c38-74f4-11ed-be5f-0242ac1c000c
1118,1904a700-74f5-11ed-b0b8-0242ac1c000c,MATRIZ - MATRIZ,Maxime error quos magnam. Inventore quaerat repellat laborum impedit. Error voluptatum itaque optio consectetur error quidem alias.,971298603,Inactivo,5d69f92a-74f7-11ed-8d69-0242ac1c000c,359d4db6-74f7-11ed-a487-0242ac1c000c,8c05381c-74f7-11ed-884d-0242ac1c000c,4a0f0c38-74f4-11ed-be5f-0242ac1c000c
1142,1904a804-74f5-11ed-b0b8-0242ac1c000c,MATRIZ - MILAGRO,Quae cum aut quidem maiores et. Natus porro nisi vel adipisci tempora officiis doloribus. Repudiandae similique amet facere saepe saepe provident quis.,959644929,Inactivo,5d69f9ac-74f7-11ed-8d69-0242ac1c000c,359d4e42-74f7-11ed-a487-0242ac1c000c,8c053880-74f7-11ed-884d-0242ac1c000c,4a0f0c38-74f4-11ed-be5f-0242ac1c000c
1162,1904a912-74f5-11ed-b0b8-0242ac1c000c,MATRIZ - JIPIJAPA,Eum atque fugiat eius eaque aliquam dignissimos impedit. Nam accusantium itaque quas fuga. Quo enim maxime earum culpa tempora.,948222725,Activo,5d69fa42-74f7-11ed-8d69-0242ac1c000c,359d5342-74f7-11ed-a487-0242ac1c000c,8c053902-74f7-11ed-884d-0242ac1c000c,4a0f0c38-74f4-11ed-be5f-0242ac1c000c
1182,1904aa16-74f5-11ed-b0b8-0242ac1c000c,SANTA ELENA,Doloremque eveniet modi possimus dolore. Sequi culpa itaque fuga ab. Quis id optio sit veniam neque ipsa.,984154680,Activo,5d69face-74f7-11ed-8d69-0242ac1c000c,359d54b4-74f7-11ed-a487-0242ac1c000c,8c05395c-74f7-11ed-884d-0242ac1c000c,4a0f0c38-74f4-11ed-be5f-0242ac1c000c
1184,1904ab10-74f5-11ed-b0b8-0242ac1c000c,MATRIZ - LA LIBERTAD,Accusamus illum fugit laudantium sint quas similique.,960393469,Activo,5d69fb5a-74f7-11ed-8d69-0242ac1c000c,359d5568-74f7-11ed-a487-0242ac1c000c,8c0539c0-74f7-11ed-884d-0242ac1c000c,4a0f0c38-74f4-11ed-be5f-0242ac1c000c
1210,1904ac0a-74f5-11ed-b0b8-0242ac1c000c,EXTENSION - LOJA,Nostrum repellat occaecati aperiam nisi. Veniam pariatur odio iure impedit error veniam.,905545122,Activo,5d69fbe6-74f7-11ed-8d69-0242ac1c000c,359d5612-74f7-11ed-a487-0242ac1c000c,8c053a24-74f7-11ed-884d-0242ac1c000c,4a0f0c38-74f4-11ed-be5f-0242ac1c000c
1223,1904ad18-74f5-11ed-b0b8-0242ac1c000c,PEDERNALES,Incidunt earum quos vero explicabo sit. Consequatur dolor amet et minus consequuntur ipsa.,992139033,Inactivo,5d69fc72-74f7-11ed-8d69-0242ac1c000c,359d56a8-74f7-11ed-a487-0242ac1c000c,8c053a88-74f7-11ed-884d-0242ac1c000c,4a0f0c38-74f4-11ed-be5f-0242ac1c000c
1224,1904ae30-74f5-11ed-b0b8-0242ac1c000c,BAHIA DE CARAQUEZ,Neque nam maxime excepturi dolore eveniet maiores. Molestiae adipisci labore assumenda.,968721046,Inactivo,5d69fcfe-74f7-11ed-8d69-0242ac1c000c,359d573e-74f7-11ed-a487-0242ac1c000c,8c053ae2-74f7-11ed-884d-0242ac1c000c,4a0f0c38-74f4-11ed-be5f-0242ac1c000c
1225,1904af34-74f5-11ed-b0b8-0242ac1c000c,CHONE,Deserunt alias corporis eveniet modi sit. Voluptatem odit dolore reprehenderit enim magni quidem. Eum ipsam quas praesentium.,951275402,Activo,5d69fde4-74f7-11ed-8d69-0242ac1c000c,359d57d4-74f7-11ed-a487-0242ac1c000c,8c053b46-74f7-11ed-884d-0242ac1c000c,4a0f0c38-74f4-11ed-be5f-0242ac1c000c
1228,1904b024-74f5-11ed-b0b8-0242ac1c000c,EL CARMEN,Doloremque error quod architecto a. Repellat officiis delectus eveniet. Ducimus beatae eos modi. Provident dolore officiis ducimus.,919850709,Inactivo,5d69eeee-74f7-11ed-8d69-0242ac1c000c,359d586a-74f7-11ed-a487-0242ac1c000c,8c053c40-74f7-11ed-884d-0242ac1c000c,4a0f0c38-74f4-11ed-be5f-0242ac1c000c
1284,1904b100-74f5-11ed-b0b8-0242ac1c000c,SEDE - MACHALA,Veniam quaerat voluptatum voluptatum nostrum. Velit iste beatae expedita corrupti.,938728465,Activo,5d69f132-74f7-11ed-8d69-0242ac1c000c,359d5900-74f7-11ed-a487-0242ac1c000c,8c053ce0-74f7-11ed-884d-0242ac1c000c,4a0f0c38-74f4-11ed-be5f-0242ac1c000c
1291,1904b1f0-74f5-11ed-b0b8-0242ac1c000c,EXTENSION - QUITO,Odit quod totam. Maxime eos tenetur nostrum.,909055177,Inactivo,5d69f1f0-74f7-11ed-8d69-0242ac1c000c,359d59a0-74f7-11ed-a487-0242ac1c000c,8c053d4e-74f7-11ed-884d-0242ac1c000c,4a0f0c38-74f4-11ed-be5f-0242ac1c000c
1325,1904b2e0-74f5-11ed-b0b8-0242ac1c000c,AZOGUES,Omnis laudantium dolores adipisci necessitatibus itaque nisi modi. Nemo voluptas quas sint earum fuga molestiae. Eligendi voluptas aliquid.,929259638,Inactivo,5d69f29a-74f7-11ed-8d69-0242ac1c000c,359d5a40-74f7-11ed-a487-0242ac1c000c,8c053db2-74f7-11ed-884d-0242ac1c000c,4a0f0c38-74f4-11ed-be5f-0242ac1c000c
1370,1904b3c6-74f5-11ed-b0b8-0242ac1c000c,MATRIZ - SAMBORONDON,Nisi beatae sequi quidem. Recusandae dolor doloribus occaecati illum magnam totam.,911823398,Inactivo,5d69f330-74f7-11ed-8d69-0242ac1c000c,359d5ad6-74f7-11ed-a487-0242ac1c000c,8c053e0c-74f7-11ed-884d-0242ac1c000c,4a0f0c38-74f4-11ed-be5f-0242ac1c000c
1380,1904b4b6-74f5-11ed-b0b8-0242ac1c000c,TULCAN,Magni voluptas blanditiis molestiae quod possimus modi. Suscipit consequuntur quasi vitae molestias reiciendis.,911517625,Inactivo,5d69f3c6-74f7-11ed-8d69-0242ac1c000c,359d5b6c-74f7-11ed-a487-0242ac1c000c,8c053e70-74f7-11ed-884d-0242ac1c000c,4a0f0c38-74f4-11ed-be5f-0242ac1c000c
1412,1904b600-74f5-11ed-b0b8-0242ac1c000c,EXTENSION - BABAHOYO,Iste totam eaque blanditiis sapiente cum sit odio. Provident deleniti tempore quis asperiores inventore dolor sit. Sequi corporis cumque nihil libero suscipit.,987868706,Activo,5d69f452-74f7-11ed-8d69-0242ac1c000c,359d5c02-74f7-11ed-a487-0242ac1c000c,8c053eca-74f7-11ed-884d-0242ac1c000c,4a0f0c38-74f4-11ed-be5f-0242ac1c000c
1413,1904b6fa-74f5-11ed-b0b8-0242ac1c000c,EXTENSION - PUYO,Repellat ratione quae molestias repellendus dolore. Accusamus mollitia deserunt.,937507475,Activo,5d69f4f2-74f7-11ed-8d69-0242ac1c000c,359d5ca2-74f7-11ed-a487-0242ac1c000c,8c053f2e-74f7-11ed-884d-0242ac1c000c,4a0f0c38-74f4-11ed-be5f-0242ac1c000c
1415,1904b7e0-74f5-11ed-b0b8-0242ac1c000c,SEDE - QUEVEDO,Sequi alias quasi ad. Quo mollitia laboriosam odio. Quae ad unde laboriosam facilis aperiam.,905852046,Inactivo,5d69f57e-74f7-11ed-8d69-0242ac1c000c,359d5d38-74f7-11ed-a487-0242ac1c000c,8c053f92-74f7-11ed-884d-0242ac1c000c,4a0f0c38-74f4-11ed-be5f-0242ac1c000c
1422,1904bfb0-74f5-11ed-b0b8-0242ac1c000c,SEDE - PUYO,Alias blanditiis delectus voluptas ab. Aut optio molestiae laboriosam natus. Odit ab accusantium enim sint. Voluptatum iure cupiditate optio quia rerum amet.,905315807,Activo,5d69f60a-74f7-11ed-8d69-0242ac1c000c,359d5dce-74f7-11ed-a487-0242ac1c000c,8c053fec-74f7-11ed-884d-0242ac1c000c,4a0f0c38-74f4-11ed-be5f-0242ac1c000c
1423,1904c12c-74f5-11ed-b0b8-0242ac1c000c,MATRIZ - PUYO,Accusamus voluptatem voluptatibus deserunt. Maxime unde similique unde temporibus libero. Maxime similique nobis et.,903681986,Inactivo,5d69f68c-74f7-11ed-8d69-0242ac1c000c,359d5e6e-74f7-11ed-a487-0242ac1c000c,8c054078-74f7-11ed-884d-0242ac1c000c,4a0f0c38-74f4-11ed-be5f-0242ac1c000c
1427,1904c226-74f5-11ed-b0b8-0242ac1c000c,EXTENSION - IBARRA,Illo veniam dicta exercitationem. Dicta deserunt repudiandae reprehenderit deleniti.,926328381,Inactivo,5d69f718-74f7-11ed-8d69-0242ac1c000c,359d5f40-74f7-11ed-a487-0242ac1c000c,8c0540dc-74f7-11ed-884d-0242ac1c000c,4a0f0c38-74f4-11ed-be5f-0242ac1c000c
1433,1904c320-74f5-11ed-b0b8-0242ac1c000c,EXTENSION - RIOBAMBA,Ullam laboriosam repellendus iure. Incidunt iste quis. At ea maiores blanditiis tempore vitae asperiores.,989938375,Activo,5d69f7a4-74f7-11ed-8d69-0242ac1c000c,359d5fd6-74f7-11ed-a487-0242ac1c000c,8c054136-74f7-11ed-884d-0242ac1c000c,4a0f0c38-74f4-11ed-be5f-0242ac1c000c
1437,1904c406-74f5-11ed-b0b8-0242ac1c000c,EXTENSION - QUEVEDO,Explicabo fugit labore. Perspiciatis excepturi enim incidunt esse dicta eaque nisi. Rerum quidem vel laborum.,913244106,Activo,5d69f826-74f7-11ed-8d69-0242ac1c000c,359d606c-74f7-11ed-a487-0242ac1c000c,8c054244-74f7-11ed-884d-0242ac1c000c,4a0f0c38-74f4-11ed-be5f-0242ac1c000c
1454,1904c4ec-74f5-11ed-b0b8-0242ac1c000c,SEDE - IBARRA,Sint ullam labore sapiente temporibus. Perspiciatis ullam earum placeat. Est distinctio impedit quisquam consequatur sequi.,975971582,Inactivo,5d69f8a8-74f7-11ed-8d69-0242ac1c000c,359d6102-74f7-11ed-a487-0242ac1c000c,8c0542a8-74f7-11ed-884d-0242ac1c000c,4a0f0c38-74f4-11ed-be5f-0242ac1c000c
1518,1904c5d2-74f5-11ed-b0b8-0242ac1c000c,EXTENSION - LA MANA,Voluptatibus repudiandae ratione. Repellendus soluta consequuntur architecto quibusdam error. Sunt deleniti at ratione necessitatibus.,940859486,Inactivo,5d69f92a-74f7-11ed-8d69-0242ac1c000c,359d6198-74f7-11ed-a487-0242ac1c000c,8c054316-74f7-11ed-884d-0242ac1c000c,4a0f0c38-74f4-11ed-be5f-0242ac1c000c
1585,1904c6b8-74f5-11ed-b0b8-0242ac1c000c,BAH페 DE CARAQUEZ,Quidem voluptatum itaque officiis minima. Magnam eum libero vitae nostrum accusamus asperiores. Totam ad soluta cupiditate dicta eligendi debitis enim.,949183000,Activo,5d69f9ac-74f7-11ed-8d69-0242ac1c000c,359d6238-74f7-11ed-a487-0242ac1c000c,8c05437a-74f7-11ed-884d-0242ac1c000c,4a0f0c38-74f4-11ed-be5f-0242ac1c000c
1618,1904c7b2-74f5-11ed-b0b8-0242ac1c000c,SANTA ANA,Corrupti similique repellendus voluptatibus dolore. Optio sunt laboriosam totam eum ipsam. A nesciunt distinctio distinctio.,941193274,Inactivo,5d69fa42-74f7-11ed-8d69-0242ac1c000c,359d62ce-74f7-11ed-a487-0242ac1c000c,8c0543de-74f7-11ed-884d-0242ac1c000c,4a0f0c38-74f4-11ed-be5f-0242ac1c000c
1681,1904c898-74f5-11ed-b0b8-0242ac1c000c,MATRIZ - QUEVEDO,Excepturi deserunt sunt enim autem. Officiis expedita natus a eaque.,984377553,Activo,5d69face-74f7-11ed-8d69-0242ac1c000c,359d6364-74f7-11ed-a487-0242ac1c000c,8c054442-74f7-11ed-884d-0242ac1c000c,4a0f0c38-74f4-11ed-be5f-0242ac1c000c
1712,1904c9a6-74f5-11ed-b0b8-0242ac1c000c,LA CONCORDIA,Dolorem porro suscipit perferendis eligendi ducimus officiis. Nemo labore explicabo mollitia amet. Consequuntur libero dolor eaque qui soluta voluptas nobis.,947143048,Inactivo,5d69fb5a-74f7-11ed-8d69-0242ac1c000c,359d63fa-74f7-11ed-a487-0242ac1c000c,8c0544a6-74f7-11ed-884d-0242ac1c000c,4a0f0c38-74f4-11ed-be5f-0242ac1c000c
1765,1904ca96-74f5-11ed-b0b8-0242ac1c000c,SAMBORONDON,Totam voluptatum magni quis. Earum quod eaque nam quas sequi dicta. Deleniti non exercitationem veniam tenetur.,983552278,Activo,5d69fbe6-74f7-11ed-8d69-0242ac1c000c,359d649a-74f7-11ed-a487-0242ac1c000c,8c05450a-74f7-11ed-884d-0242ac1c000c,4a0f0c38-74f4-11ed-be5f-0242ac1c000c